/*!40103 SET @OLD_TIME_ZONE=@@TIME_ZONE */;
/*!40103 SET TIME_ZONE='+08:00' */;
/*!40014 SET @OLD_UNIQUE_CHECKS=@@UNIQUE_CHECKS, UNIQUE_CHECKS=0 */;
/*!40014 SET @OLD_FOREIGN_KEY_CHECKS=@@FOREIGN_KEY_CHECKS, FOREIGN_KEY_CHECKS=0 */;
/*!40101 SET @OLD_SQL_MODE=@@SQL_MODE, SQL_MODE='NO_AUTO_VALUE_ON_ZERO' */;
/*!40111 SET @OLD_SQL_NOTES=@@SQL_NOTES, SQL_NOTES=0 */;
DROP TABLE IF EXISTS `admin_extension_histories`;
/*!40101 SET @saved_cs_client     = @@character_set_client */;
/*!40101 SET character_set_client = utf8 */;
CREATE TABLE `admin_extension_histories` (
  `id` bigint(20) unsigned NOT NULL AUTO_INCREMENT,
  `name` varchar(100) COLLATE utf8mb4_unicode_ci NOT NULL,
  `type` tinyint(4) NOT NULL DEFAULT 1,
  `version` varchar(20) COLLATE utf8mb4_unicode_ci NOT NULL DEFAULT '0',
  `detail` text COLLATE utf8mb4_unicode_ci DEFAULT NULL,
  `created_at` timestamp NULL DEFAULT NULL,
  `updated_at` timestamp NULL DEFAULT NULL,
  PRIMARY KEY (`id`),
  KEY `admin_extension_histories_name_index` (`name`)
) ENGINE=InnoDB DEFAULT CHARSET=utf8mb4 COLLATE=utf8mb4_unicode_ci;
/*!40101 SET character_set_client = @saved_cs_client */;
DROP TABLE IF EXISTS `admin_extensions`;
/*!40101 SET @saved_cs_client     = @@character_set_client */;
/*!40101 SET character_set_client = utf8 */;
CREATE TABLE `admin_extensions` (
  `id` int(10) unsigned NOT NULL AUTO_INCREMENT,
  `name` varchar(100) COLLATE utf8mb4_unicode_ci NOT NULL,
  `version` varchar(20) COLLATE utf8mb4_unicode_ci NOT NULL DEFAULT '',
  `is_enabled` tinyint(4) NOT NULL DEFAULT 0,
  `options` text COLLATE utf8mb4_unicode_ci DEFAULT NULL,
  `created_at` timestamp NULL DEFAULT NULL,
  `updated_at` timestamp NULL DEFAULT NULL,
  PRIMARY KEY (`id`),
  UNIQUE KEY `admin_extensions_name_unique` (`name`)
) ENGINE=InnoDB DEFAULT CHARSET=utf8mb4 COLLATE=utf8mb4_unicode_ci;
/*!40101 SET character_set_client = @saved_cs_client */;
DROP TABLE IF EXISTS `admin_menu`;
/*!40101 SET @saved_cs_client     = @@character_set_client */;
/*!40101 SET character_set_client = utf8 */;
CREATE TABLE `admin_menu` (
  `id` int(10) unsigned NOT NULL AUTO_INCREMENT,
  `parent_id` int(11) NOT NULL DEFAULT 0,
  `order` int(11) NOT NULL DEFAULT 0,
  `title` varchar(50) COLLATE utf8mb4_unicode_ci NOT NULL,
  `icon` varchar(50) COLLATE utf8mb4_unicode_ci NOT NULL,
  `uri` varchar(255) COLLATE utf8mb4_unicode_ci DEFAULT NULL,
  `extension` varchar(50) COLLATE utf8mb4_unicode_ci NOT NULL DEFAULT '',
  `show` tinyint(4) NOT NULL DEFAULT 1,
  `permission` varchar(255) COLLATE utf8mb4_unicode_ci DEFAULT NULL,
  `created_at` timestamp NULL DEFAULT NULL,
  `updated_at` timestamp NULL DEFAULT NULL,
  PRIMARY KEY (`id`)
) ENGINE=InnoDB DEFAULT CHARSET=utf8mb4 COLLATE=utf8mb4_unicode_ci;
/*!40101 SET character_set_client = @saved_cs_client */;
DROP TABLE IF EXISTS `admin_operation_log`;
/*!40101 SET @saved_cs_client     = @@character_set_client */;
/*!40101 SET character_set_client = utf8 */;
CREATE TABLE `admin_operation_log` (
  `id` int(10) unsigned NOT NULL AUTO_INCREMENT,
  `user_id` int(11) NOT NULL,
  `path` varchar(255) COLLATE utf8mb4_unicode_ci NOT NULL,
  `method` varchar(10) COLLATE utf8mb4_unicode_ci NOT NULL,
  `ip` varchar(255) COLLATE utf8mb4_unicode_ci NOT NULL,
  `input` text COLLATE utf8mb4_unicode_ci NOT NULL,
  `created_at` timestamp NULL DEFAULT NULL,
  `updated_at` timestamp NULL DEFAULT NULL,
  PRIMARY KEY (`id`),
  KEY `admin_operation_log_user_id_index` (`user_id`)
) ENGINE=InnoDB DEFAULT CHARSET=utf8mb4 COLLATE=utf8mb4_unicode_ci;
/*!40101 SET character_set_client = @saved_cs_client */;
DROP TABLE IF EXISTS `admin_permission_menu`;
/*!40101 SET @saved_cs_client     = @@character_set_client */;
/*!40101 SET character_set_client = utf8 */;
CREATE TABLE `admin_permission_menu` (
  `permission_id` bigint(20) NOT NULL,
  `menu_id` bigint(20) NOT NULL,
  `created_at` timestamp NULL DEFAULT NULL,
  `updated_at` timestamp NULL DEFAULT NULL,
  UNIQUE KEY `admin_permission_menu_permission_id_menu_id_unique` (`permission_id`,`menu_id`)
) ENGINE=InnoDB DEFAULT CHARSET=utf8mb4 COLLATE=utf8mb4_unicode_ci;
/*!40101 SET character_set_client = @saved_cs_client */;
DROP TABLE IF EXISTS `admin_permissions`;
/*!40101 SET @saved_cs_client     = @@character_set_client */;
/*!40101 SET character_set_client = utf8 */;
CREATE TABLE `admin_permissions` (
  `id` bigint(20) unsigned NOT NULL AUTO_INCREMENT,
  `name` varchar(50) COLLATE utf8mb4_unicode_ci NOT NULL,
  `slug` varchar(50) COLLATE utf8mb4_unicode_ci NOT NULL,
  `http_method` varchar(255) COLLATE utf8mb4_unicode_ci DEFAULT NULL,
  `http_path` text COLLATE utf8mb4_unicode_ci DEFAULT NULL,
  `order` int(11) NOT NULL DEFAULT 0,
  `parent_id` bigint(20) NOT NULL DEFAULT 0,
  `created_at` timestamp NULL DEFAULT NULL,
  `updated_at` timestamp NULL DEFAULT NULL,
  PRIMARY KEY (`id`),
  UNIQUE KEY `admin_permissions_slug_unique` (`slug`)
) ENGINE=InnoDB DEFAULT CHARSET=utf8mb4 COLLATE=utf8mb4_unicode_ci;
/*!40101 SET character_set_client = @saved_cs_client */;
DROP TABLE IF EXISTS `admin_role_menu`;
/*!40101 SET @saved_cs_client     = @@character_set_client */;
/*!40101 SET character_set_client = utf8 */;
CREATE TABLE `admin_role_menu` (
  `role_id` int(11) NOT NULL,
  `menu_id` int(11) NOT NULL,
  `created_at` timestamp NULL DEFAULT NULL,
  `updated_at` timestamp NULL DEFAULT NULL,
  KEY `admin_role_menu_role_id_menu_id_index` (`role_id`,`menu_id`)
) ENGINE=InnoDB DEFAULT CHARSET=utf8mb4 COLLATE=utf8mb4_unicode_ci;
/*!40101 SET character_set_client = @saved_cs_client */;
DROP TABLE IF EXISTS `admin_role_permissions`;
/*!40101 SET @saved_cs_client     = @@character_set_client */;
/*!40101 SET character_set_client = utf8 */;
CREATE TABLE `admin_role_permissions` (
  `role_id` int(11) NOT NULL,
  `permission_id` int(11) NOT NULL,
  `created_at` timestamp NULL DEFAULT NULL,
  `updated_at` timestamp NULL DEFAULT NULL,
  KEY `admin_role_permissions_role_id_permission_id_index` (`role_id`,`permission_id`)
) ENGINE=InnoDB DEFAULT CHARSET=utf8mb4 COLLATE=utf8mb4_unicode_ci;
/*!40101 SET character_set_client = @saved_cs_client */;
DROP TABLE IF EXISTS `admin_role_users`;
/*!40101 SET @saved_cs_client     = @@character_set_client */;
/*!40101 SET character_set_client = utf8 */;
CREATE TABLE `admin_role_users` (
  `role_id` int(11) NOT NULL,
  `user_id` int(11) NOT NULL,
  `created_at` timestamp NULL DEFAULT NULL,
  `updated_at` timestamp NULL DEFAULT NULL,
  KEY `admin_role_users_role_id_user_id_index` (`role_id`,`user_id`)
) ENGINE=InnoDB DEFAULT CHARSET=utf8mb4 COLLATE=utf8mb4_unicode_ci;
/*!40101 SET character_set_client = @saved_cs_client */;
DROP TABLE IF EXISTS `admin_roles`;
/*!40101 SET @saved_cs_client     = @@character_set_client */;
/*!40101 SET character_set_client = utf8 */;
CREATE TABLE `admin_roles` (
  `id` int(10) unsigned NOT NULL AUTO_INCREMENT,
  `name` varchar(50) COLLATE utf8mb4_unicode_ci NOT NULL,
  `slug` varchar(50) COLLATE utf8mb4_unicode_ci NOT NULL,
  `created_at` timestamp NULL DEFAULT NULL,
  `updated_at` timestamp NULL DEFAULT NULL,
  PRIMARY KEY (`id`),
  UNIQUE KEY `admin_roles_name_unique` (`name`),
  UNIQUE KEY `admin_roles_slug_unique` (`slug`)
) ENGINE=InnoDB DEFAULT CHARSET=utf8mb4 COLLATE=utf8mb4_unicode_ci;
/*!40101 SET character_set_client = @saved_cs_client */;
DROP TABLE IF EXISTS `admin_settings`;
/*!40101 SET @saved_cs_client     = @@character_set_client */;
/*!40101 SET character_set_client = utf8 */;
CREATE TABLE `admin_settings` (
  `slug` varchar(100) COLLATE utf8mb4_unicode_ci NOT NULL,
  `value` longtext COLLATE utf8mb4_unicode_ci NOT NULL,
  `created_at` timestamp NULL DEFAULT NULL,
  `updated_at` timestamp NULL DEFAULT NULL,
  PRIMARY KEY (`slug`)
) ENGINE=InnoDB DEFAULT CHARSET=utf8mb4 COLLATE=utf8mb4_unicode_ci;
/*!40101 SET character_set_client = @saved_cs_client */;
DROP TABLE IF EXISTS `admin_user_permissions`;
/*!40101 SET @saved_cs_client     = @@character_set_client */;
/*!40101 SET character_set_client = utf8 */;
CREATE TABLE `admin_user_permissions` (
  `user_id` int(11) NOT NULL,
  `permission_id` int(11) NOT NULL,
  `created_at` timestamp NULL DEFAULT NULL,
  `updated_at` timestamp NULL DEFAULT NULL,
  KEY `admin_user_permissions_user_id_permission_id_index` (`user_id`,`permission_id`)
) ENGINE=InnoDB DEFAULT CHARSET=utf8mb4 COLLATE=utf8mb4_unicode_ci;
/*!40101 SET character_set_client = @saved_cs_client */;
DROP TABLE IF EXISTS `admin_users`;
/*!40101 SET @saved_cs_client     = @@character_set_client */;
/*!40101 SET character_set_client = utf8 */;
CREATE TABLE `admin_users` (
  `id` int(10) unsigned NOT NULL AUTO_INCREMENT,
  `username` varchar(190) COLLATE utf8mb4_unicode_ci NOT NULL,
  `password` varchar(60) COLLATE utf8mb4_unicode_ci NOT NULL,
  `name` varchar(255) COLLATE utf8mb4_unicode_ci NOT NULL,
  `avatar` varchar(255) COLLATE utf8mb4_unicode_ci DEFAULT NULL,
  `remember_token` varchar(100) COLLATE utf8mb4_unicode_ci DEFAULT NULL,
  `created_at` timestamp NULL DEFAULT NULL,
  `updated_at` timestamp NULL DEFAULT NULL,
  PRIMARY KEY (`id`),
  UNIQUE KEY `admin_users_username_unique` (`username`)
) ENGINE=InnoDB DEFAULT CHARSET=utf8mb4 COLLATE=utf8mb4_unicode_ci;
/*!40101 SET character_set_client = @saved_cs_client */;
DROP TABLE IF EXISTS `binds`;
/*!40101 SET @saved_cs_client     = @@character_set_client */;
/*!40101 SET character_set_client = utf8 */;
CREATE TABLE `binds` (
  `id` bigint(20) NOT NULL AUTO_INCREMENT,
  `printers_id` bigint(20) unsigned NOT NULL,
  `solutions_id` bigint(20) unsigned NOT NULL,
  `adapter` varchar(255) COLLATE utf8mb4_unicode_ci DEFAULT NULL,
  `checked` smallint(6) NOT NULL DEFAULT 0,
  `created_at` timestamp NULL DEFAULT NULL,
  `updated_at` timestamp NULL DEFAULT NULL,
  PRIMARY KEY (`id`),
  KEY `binds_solutions_id_foreign` (`solutions_id`),
  KEY `binds_printers_id_foreign` (`printers_id`),
  CONSTRAINT `binds_printers_id_foreign` FOREIGN KEY (`printers_id`) REFERENCES `printers` (`id`) ON DELETE CASCADE ON UPDATE CASCADE,
  CONSTRAINT `binds_solutions_id_foreign` FOREIGN KEY (`solutions_id`) REFERENCES `solutions` (`id`) ON DELETE CASCADE ON UPDATE CASCADE
) ENGINE=InnoDB DEFAULT CHARSET=utf8mb4 COLLATE=utf8mb4_unicode_ci;
/*!40101 SET character_set_client = @saved_cs_client */;
DROP TABLE IF EXISTS `brands`;
/*!40101 SET @saved_cs_client     = @@character_set_client */;
/*!40101 SET character_set_client = utf8 */;
CREATE TABLE `brands` (
  `id` bigint(20) unsigned NOT NULL AUTO_INCREMENT,
  `name` varchar(255) COLLATE utf8mb4_unicode_ci NOT NULL,
  `name_en` varchar(255) COLLATE utf8mb4_unicode_ci NOT NULL,
  `manufactors_id` bigint(20) unsigned DEFAULT NULL,
  `created_at` timestamp NULL DEFAULT NULL,
  `updated_at` timestamp NULL DEFAULT NULL,
  PRIMARY KEY (`id`),
  UNIQUE KEY `brands_name_unique` (`name`),
  UNIQUE KEY `brands_name_en_unique` (`name_en`),
  KEY `brands_manufactors_id_foreign` (`manufactors_id`),
  CONSTRAINT `brands_manufactors_id_foreign` FOREIGN KEY (`manufactors_id`) REFERENCES `manufactors` (`id`) ON DELETE CASCADE ON UPDATE CASCADE
) ENGINE=InnoDB DEFAULT CHARSET=utf8mb4 COLLATE=utf8mb4_unicode_ci;
/*!40101 SET character_set_client = @saved_cs_client */;
DROP TABLE IF EXISTS `failed_jobs`;
/*!40101 SET @saved_cs_client     = @@character_set_client */;
/*!40101 SET character_set_client = utf8 */;
CREATE TABLE `failed_jobs` (
  `id` bigint(20) unsigned NOT NULL AUTO_INCREMENT,
  `uuid` varchar(255) COLLATE utf8mb4_unicode_ci NOT NULL,
  `connection` text COLLATE utf8mb4_unicode_ci NOT NULL,
  `queue` text COLLATE utf8mb4_unicode_ci NOT NULL,
  `payload` longtext COLLATE utf8mb4_unicode_ci NOT NULL,
  `exception` longtext COLLATE utf8mb4_unicode_ci NOT NULL,
  `failed_at` timestamp NOT NULL DEFAULT current_timestamp(),
  PRIMARY KEY (`id`),
  UNIQUE KEY `failed_jobs_uuid_unique` (`uuid`)
) ENGINE=InnoDB DEFAULT CHARSET=utf8mb4 COLLATE=utf8mb4_unicode_ci;
/*!40101 SET character_set_client = @saved_cs_client */;
DROP TABLE IF EXISTS `files`;
/*!40101 SET @saved_cs_client     = @@character_set_client */;
/*!40101 SET character_set_client = utf8 */;
CREATE TABLE `files` (
  `id` bigint(20) unsigned NOT NULL AUTO_INCREMENT,
  `parent_id` bigint(20) DEFAULT 0,
  `title` varchar(255) COLLATE utf8mb4_unicode_ci DEFAULT NULL,
  `path` varchar(255) COLLATE utf8mb4_unicode_ci DEFAULT NULL,
  `solutions_id` bigint(20) unsigned DEFAULT NULL,
  `created_at` timestamp NULL DEFAULT NULL,
  `updated_at` timestamp NULL DEFAULT NULL,
  PRIMARY KEY (`id`),
  KEY `files_solutions_id_foreign` (`solutions_id`),
  CONSTRAINT `files_solutions_id_foreign` FOREIGN KEY (`solutions_id`) REFERENCES `solutions` (`id`) ON DELETE CASCADE ON UPDATE CASCADE
) ENGINE=InnoDB DEFAULT CHARSET=utf8mb4 COLLATE=utf8mb4_unicode_ci;
/*!40101 SET character_set_client = @saved_cs_client */;
DROP TABLE IF EXISTS `industry_tag_binds`;
/*!40101 SET @saved_cs_client     = @@character_set_client */;
/*!40101 SET character_set_client = utf8 */;
CREATE TABLE `industry_tag_binds` (
  `printers_id` bigint(20) unsigned NOT NULL,
  `industry_tags_id` bigint(20) unsigned NOT NULL,
  `created_at` timestamp NULL DEFAULT NULL,
  `updated_at` timestamp NULL DEFAULT NULL,
  PRIMARY KEY (`printers_id`,`industry_tags_id`),
  KEY `industry_tag_binds_industry_tags_id_foreign` (`industry_tags_id`),
  CONSTRAINT `industry_tag_binds_industry_tags_id_foreign` FOREIGN KEY (`industry_tags_id`) REFERENCES `industry_tags` (`id`) ON DELETE CASCADE ON UPDATE CASCADE,
  CONSTRAINT `industry_tag_binds_printers_id_foreign` FOREIGN KEY (`printers_id`) REFERENCES `printers` (`id`) ON DELETE CASCADE ON UPDATE CASCADE
) ENGINE=InnoDB DEFAULT CHARSET=utf8mb4 COLLATE=utf8mb4_unicode_ci;
/*!40101 SET character_set_client = @saved_cs_client */;
DROP TABLE IF EXISTS `industry_tags`;
/*!40101 SET @saved_cs_client     = @@character_set_client */;
/*!40101 SET character_set_client = utf8 */;
CREATE TABLE `industry_tags` (
  `id` bigint(20) unsigned NOT NULL AUTO_INCREMENT,
  `name` varchar(255) COLLATE utf8mb4_unicode_ci NOT NULL,
  `created_at` timestamp NULL DEFAULT NULL,
  `updated_at` timestamp NULL DEFAULT NULL,
  PRIMARY KEY (`id`)
) ENGINE=InnoDB DEFAULT CHARSET=utf8mb4 COLLATE=utf8mb4_unicode_ci;
/*!40101 SET character_set_client = @saved_cs_client */;
DROP TABLE IF EXISTS `manufactors`;
/*!40101 SET @saved_cs_client     = @@character_set_client */;
/*!40101 SET character_set_client = utf8 */;
CREATE TABLE `manufactors` (
  `id` bigint(20) unsigned NOT NULL AUTO_INCREMENT,
  `name` varchar(255) COLLATE utf8mb4_unicode_ci NOT NULL,
  `isconnected` smallint(6) NOT NULL,
  `created_at` timestamp NULL DEFAULT NULL,
  `updated_at` timestamp NULL DEFAULT NULL,
  PRIMARY KEY (`id`),
  UNIQUE KEY `manufactors_name_unique` (`name`)
) ENGINE=InnoDB DEFAULT CHARSET=utf8mb4 COLLATE=utf8mb4_unicode_ci;
/*!40101 SET character_set_client = @saved_cs_client */;
DROP TABLE IF EXISTS `migrations`;
/*!40101 SET @saved_cs_client     = @@character_set_client */;
/*!40101 SET character_set_client = utf8 */;
CREATE TABLE `migrations` (
  `id` int(10) unsigned NOT NULL AUTO_INCREMENT,
  `migration` varchar(255) COLLATE utf8mb4_unicode_ci NOT NULL,
  `batch` int(11) NOT NULL,
  PRIMARY KEY (`id`)
) ENGINE=InnoDB DEFAULT CHARSET=utf8mb4 COLLATE=utf8mb4_unicode_ci;
/*!40101 SET character_set_client = @saved_cs_client */;
DROP TABLE IF EXISTS `password_resets`;
/*!40101 SET @saved_cs_client     = @@character_set_client */;
/*!40101 SET character_set_client = utf8 */;
CREATE TABLE `password_resets` (
  `email` varchar(255) COLLATE utf8mb4_unicode_ci NOT NULL,
  `token` varchar(255) COLLATE utf8mb4_unicode_ci NOT NULL,
  `created_at` timestamp NULL DEFAULT NULL,
  KEY `password_resets_email_index` (`email`)
) ENGINE=InnoDB DEFAULT CHARSET=utf8mb4 COLLATE=utf8mb4_unicode_ci;
/*!40101 SET character_set_client = @saved_cs_client */;
DROP TABLE IF EXISTS `principle_tags`;
/*!40101 SET @saved_cs_client     = @@character_set_client */;
/*!40101 SET character_set_client = utf8 */;
CREATE TABLE `principle_tags` (
  `id` bigint(20) NOT NULL,
  `name` varchar(255) COLLATE utf8mb4_unicode_ci NOT NULL,
  `created_at` timestamp NULL DEFAULT NULL,
  `updated_at` timestamp NULL DEFAULT NULL,
  PRIMARY KEY (`id`)
) ENGINE=InnoDB DEFAULT CHARSET=utf8mb4 COLLATE=utf8mb4_unicode_ci;
/*!40101 SET character_set_client = @saved_cs_client */;
DROP TABLE IF EXISTS `printers`;
/*!40101 SET @saved_cs_client     = @@character_set_client */;
/*!40101 SET character_set_client = utf8 */;
CREATE TABLE `printers` (
  `id` bigint(20) unsigned NOT NULL AUTO_INCREMENT,
  `brands_id` bigint(20) unsigned NOT NULL,
  `model` varchar(255) COLLATE utf8mb4_unicode_ci NOT NULL,
  `type` enum('mono','color') COLLATE utf8mb4_unicode_ci DEFAULT NULL,
  `principle_tags_id` bigint(20) DEFAULT NULL,
  `release_date` date DEFAULT NULL,
  `onsale` smallint(6) DEFAULT NULL,
  `network` smallint(6) DEFAULT NULL,
  `duplex` enum('single','manual','duplex') COLLATE utf8mb4_unicode_ci DEFAULT NULL,
  `pagesize` varchar(255) COLLATE utf8mb4_unicode_ci DEFAULT NULL,
  `mainstream` smallint(6) NOT NULL,
  `language` varchar(1023) COLLATE utf8mb4_unicode_ci DEFAULT NULL,
  `adapter_status` varchar(255) COLLATE utf8mb4_unicode_ci DEFAULT NULL,
  `created_at` timestamp NULL DEFAULT NULL,
  `updated_at` timestamp NULL DEFAULT NULL,
  PRIMARY KEY (`id`),
  KEY `printers_brands_id_foreign` (`brands_id`),
  CONSTRAINT `printers_brands_id_foreign` FOREIGN KEY (`brands_id`) REFERENCES `brands` (`id`) ON DELETE CASCADE ON UPDATE CASCADE
) ENGINE=InnoDB DEFAULT CHARSET=utf8mb4 COLLATE=utf8mb4_unicode_ci;
/*!40101 SET character_set_client = @saved_cs_client */;
DROP TABLE IF EXISTS `project_tag_binds`;
/*!40101 SET @saved_cs_client     = @@character_set_client */;
/*!40101 SET character_set_client = utf8 */;
CREATE TABLE `project_tag_binds` (
  `printers_id` bigint(20) unsigned NOT NULL,
  `project_tags_id` bigint(20) unsigned NOT NULL,
  `note` varchar(255) COLLATE utf8mb4_unicode_ci DEFAULT NULL,
  `created_at` timestamp NULL DEFAULT NULL,
  `updated_at` timestamp NULL DEFAULT NULL,
  PRIMARY KEY (`printers_id`,`project_tags_id`),
  KEY `project_tag_binds_project_tags_id_foreign` (`project_tags_id`),
  KEY `project_tag_binds_printers_id_foreign` (`printers_id`),
  CONSTRAINT `project_tag_binds_printers_id_foreign` FOREIGN KEY (`printers_id`) REFERENCES `printers` (`id`) ON DELETE CASCADE ON UPDATE CASCADE,
  CONSTRAINT `project_tag_binds_project_tags_id_foreign` FOREIGN KEY (`project_tags_id`) REFERENCES `project_tags` (`id`) ON DELETE CASCADE ON UPDATE CASCADE
) ENGINE=InnoDB DEFAULT CHARSET=utf8mb4 COLLATE=utf8mb4_unicode_ci;
/*!40101 SET character_set_client = @saved_cs_client */;
DROP TABLE IF EXISTS `project_tags`;
/*!40101 SET @saved_cs_client     = @@character_set_client */;
/*!40101 SET character_set_client = utf8 */;
CREATE TABLE `project_tags` (
  `id` bigint(20) unsigned NOT NULL AUTO_INCREMENT,
  `name` varchar(255) COLLATE utf8mb4_unicode_ci NOT NULL,
  `created_at` timestamp NULL DEFAULT NULL,
  `updated_at` timestamp NULL DEFAULT NULL,
  PRIMARY KEY (`id`)
) ENGINE=InnoDB DEFAULT CHARSET=utf8mb4 COLLATE=utf8mb4_unicode_ci;
/*!40101 SET character_set_client = @saved_cs_client */;
DROP TABLE IF EXISTS `solution_matches`;
/*!40101 SET @saved_cs_client     = @@character_set_client */;
/*!40101 SET character_set_client = utf8 */;
CREATE TABLE `solution_matches` (
  `id` bigint(20) unsigned NOT NULL AUTO_INCREMENT,
  `title` varchar(255) COLLATE utf8mb4_unicode_ci NOT NULL,
  `path` varchar(255) COLLATE utf8mb4_unicode_ci NOT NULL,
  `created_at` timestamp NULL DEFAULT NULL,
  `updated_at` timestamp NULL DEFAULT NULL,
  PRIMARY KEY (`id`)
) ENGINE=InnoDB DEFAULT CHARSET=utf8mb4 COLLATE=utf8mb4_unicode_ci;
/*!40101 SET character_set_client = @saved_cs_client */;
DROP TABLE IF EXISTS `solutions`;
/*!40101 SET @saved_cs_client     = @@character_set_client */;
/*!40101 SET character_set_client = utf8 */;
CREATE TABLE `solutions` (
  `id` bigint(20) unsigned NOT NULL AUTO_INCREMENT,
  `name` varchar(255) COLLATE utf8mb4_unicode_ci NOT NULL,
  `comment` varchar(255) COLLATE utf8mb4_unicode_ci DEFAULT NULL,
  `source` varchar(255) COLLATE utf8mb4_unicode_ci NOT NULL,
  `amd64` smallint(6) NOT NULL DEFAULT 0,
  `arm64` smallint(6) NOT NULL DEFAULT 0,
  `mips64el` smallint(6) NOT NULL DEFAULT 0,
  `loongarch64` smallint(6) NOT NULL DEFAULT 0,
  `detail` text COLLATE utf8mb4_unicode_ci NOT NULL,
  `created_at` timestamp NULL DEFAULT NULL,
  `updated_at` timestamp NULL DEFAULT NULL,
  PRIMARY KEY (`id`),
  UNIQUE KEY `solutions_name_unique` (`name`)
) ENGINE=InnoDB DEFAULT CHARSET=utf8mb4 COLLATE=utf8mb4_unicode_ci;
/*!40101 SET character_set_client = @saved_cs_client */;
DROP TABLE IF EXISTS `users`;
/*!40101 SET @saved_cs_client     = @@character_set_client */;
/*!40101 SET character_set_client = utf8 */;
CREATE TABLE `users` (
  `id` bigint(20) unsigned NOT NULL AUTO_INCREMENT,
  `name` varchar(255) COLLATE utf8mb4_unicode_ci NOT NULL,
  `email` varchar(255) COLLATE utf8mb4_unicode_ci NOT NULL,
  `email_verified_at` timestamp NULL DEFAULT NULL,
  `password` varchar(255) COLLATE utf8mb4_unicode_ci NOT NULL,
  `remember_token` varchar(100) COLLATE utf8mb4_unicode_ci DEFAULT NULL,
  `created_at` timestamp NULL DEFAULT NULL,
  `updated_at` timestamp NULL DEFAULT NULL,
  PRIMARY KEY (`id`),
  UNIQUE KEY `users_email_unique` (`email`)
) ENGINE=InnoDB DEFAULT CHARSET=utf8mb4 COLLATE=utf8mb4_unicode_ci;
/*!40101 SET character_set_client = @saved_cs_client */;
/*!40103 SET TIME_ZONE=@OLD_TIME_ZONE */;

/*!40101 SET SQL_MODE=@OLD_SQL_MODE */;
/*!40014 SET FOREIGN_KEY_CHECKS=@OLD_FOREIGN_KEY_CHECKS */;
/*!40014 SET UNIQUE_CHECKS=@OLD_UNIQUE_CHECKS */;
/*!40111 SET SQL_NOTES=@OLD_SQL_NOTES */;

INSERT INTO `migrations` VALUES (1,'2021_11_24_000000_database_dump',1);

INSERT INTO `admin_extension_histories` VALUES (2, 'dcat-admin.form-step', 1, '1.0.0', 'Initialize extension.', '2021-09-10 05:53:46', '2021-09-10 05:53:46');
INSERT INTO `admin_extension_histories` VALUES (3, 'dcat-admin.operation-log', 2, '1.0.0', 'create_opration_log_table.php', '2021-11-03 07:21:20', '2021-11-03 07:21:20');
INSERT INTO `admin_extension_histories` VALUES (4, 'dcat-admin.operation-log', 1, '1.0.0', 'Initialize extension.', '2021-11-03 07:21:20', '2021-11-03 07:21:20');

INSERT INTO `admin_extensions` VALUES (2, 'dcat-admin.form-step', '1.0.0', 1, NULL, '2021-09-10 05:53:46', '2021-09-10 05:53:48');
INSERT INTO `admin_extensions` VALUES (3, 'dcat-admin.operation-log', '1.0.0', 1, NULL, '2021-11-03 07:21:20', '2021-11-03 07:21:22');

INSERT INTO `admin_menu` VALUES (1, 0, 1, '仪表盘', 'fa-bar-chart', '/', '', 1, NULL, NULL, '2021-11-03 03:27:15');
INSERT INTO `admin_menu` VALUES (2, 0, 8, '设置', 'fa-tasks', NULL, '', 1, NULL, NULL, '2021-11-03 03:28:13');
INSERT INTO `admin_menu` VALUES (3, 2, 9, 'Users', 'fa-users', 'auth/users', '', 1, NULL, NULL, '2021-11-03 03:27:00');
INSERT INTO `admin_menu` VALUES (4, 2, 10, 'Roles', 'fa-user', 'auth/roles', '', 1, NULL, NULL, '2021-11-03 03:27:00');
INSERT INTO `admin_menu` VALUES (5, 2, 11, 'Permission', 'fa-ban', 'auth/permissions', '', 1, NULL, NULL, '2021-11-03 03:27:00');
INSERT INTO `admin_menu` VALUES (6, 2, 12, 'Menu', 'fa-bars', 'auth/menu', '', 1, NULL, NULL, '2021-11-03 03:27:00');
INSERT INTO `admin_menu` VALUES (8, 0, 2, '打印机', 'fa-list', 'printers', '', 1, NULL, NULL, '2021-11-03 03:27:24');
INSERT INTO `admin_menu` VALUES (9, 0, 3, '品牌', 'fa-list', 'brands', '', 1, NULL, NULL, '2021-11-03 03:27:45');
INSERT INTO `admin_menu` VALUES (10, 0, 4, '厂商', 'fa-list', 'manufactors', '', 1, NULL, NULL, '2021-11-03 03:27:52');
INSERT INTO `admin_menu` VALUES (11, 0, 5, '解决方案', 'fa-list', 'solutions', '', 1, NULL, NULL, '2021-11-03 03:27:57');
INSERT INTO `admin_menu` VALUES (12, 0, 6, '文件', 'fa-list', 'files', '', 1, NULL, NULL, '2021-11-03 03:28:02');
INSERT INTO `admin_menu` VALUES (14, 0, 7, '项目', 'fa-align-justify', 'project_tags', '', 1, NULL, '2021-08-31 08:19:28', '2021-11-03 03:28:06');
INSERT INTO `admin_menu` VALUES (15, 2, 13, 'Operation Log', 'fa-history', 'auth/operation-logs', 'dcat-admin.operation-log', 1, NULL, '2021-11-03 07:21:20', '2021-11-15 09:12:09');
INSERT INTO `admin_menu` VALUES (17, 0, 14, '实用小工具', 'fa-android', NULL, '', 1, NULL, '2021-11-15 05:55:36', '2021-11-15 09:12:09');
INSERT INTO `admin_menu` VALUES (18, 17, 15, '适配需求方案快速查询工具', 'fa-align-justify', 'solution_matches', '', 1, NULL, '2021-11-15 07:44:24', '2021-11-16 01:07:56');

INSERT INTO `admin_permission_menu` VALUES (2, 8, '2021-09-22 08:32:06', '2021-09-22 08:32:06');
INSERT INTO `admin_permission_menu` VALUES (3, 11, '2021-09-22 09:30:34', '2021-09-22 09:30:34');
INSERT INTO `admin_permission_menu` VALUES (4, 9, '2021-09-22 09:31:40', '2021-09-22 09:31:40');
INSERT INTO `admin_permission_menu` VALUES (5, 10, '2021-09-22 09:32:14', '2021-09-22 09:32:14');
INSERT INTO `admin_permission_menu` VALUES (6, 12, '2021-09-22 09:32:40', '2021-09-22 09:32:40');
INSERT INTO `admin_permission_menu` VALUES (8, 8, '2021-09-22 09:44:50', '2021-09-22 09:44:50');
INSERT INTO `admin_permission_menu` VALUES (9, 8, '2021-09-22 09:47:49', '2021-09-22 09:47:49');
INSERT INTO `admin_permission_menu` VALUES (10, 8, '2021-09-23 01:14:24', '2021-09-23 01:14:24');
INSERT INTO `admin_permission_menu` VALUES (11, 11, '2021-09-23 01:01:04', '2021-09-23 01:01:04');
INSERT INTO `admin_permission_menu` VALUES (12, 11, '2021-09-23 01:14:04', '2021-09-23 01:14:04');
INSERT INTO `admin_permission_menu` VALUES (13, 11, '2021-09-23 01:14:18', '2021-09-23 01:14:18');
INSERT INTO `admin_permission_menu` VALUES (14, 9, '2021-09-23 01:13:51', '2021-09-23 01:13:51');
INSERT INTO `admin_permission_menu` VALUES (15, 9, '2021-09-23 01:15:30', '2021-09-23 01:15:30');
INSERT INTO `admin_permission_menu` VALUES (16, 10, '2021-09-23 01:16:23', '2021-09-23 01:16:23');
INSERT INTO `admin_permission_menu` VALUES (17, 10, '2021-09-23 01:17:07', '2021-09-23 01:17:07');
INSERT INTO `admin_permission_menu` VALUES (18, 12, '2021-09-23 01:19:31', '2021-09-23 01:19:31');
INSERT INTO `admin_permission_menu` VALUES (19, 12, '2021-09-23 01:20:38', '2021-09-23 01:20:38');
INSERT INTO `admin_permission_menu` VALUES (20, 12, '2021-09-23 01:21:24', '2021-09-23 01:21:24');
INSERT INTO `admin_permission_menu` VALUES (21, 14, '2021-09-23 01:26:01', '2021-09-23 01:26:01');
INSERT INTO `admin_permission_menu` VALUES (22, 14, '2021-09-23 02:13:01', '2021-09-23 02:13:01');
INSERT INTO `admin_permission_menu` VALUES (24, 10, '2021-11-03 03:30:52', '2021-11-03 03:30:52');
INSERT INTO `admin_permission_menu` VALUES (25, 9, '2021-11-03 03:31:19', '2021-11-03 03:31:19');
INSERT INTO `admin_permission_menu` VALUES (26, 9, '2021-11-03 03:32:49', '2021-11-03 03:32:49');
INSERT INTO `admin_permission_menu` VALUES (27, 17, '2021-11-16 05:38:54', '2021-11-16 05:38:54');
INSERT INTO `admin_permission_menu` VALUES (27, 18, '2021-11-16 05:38:54', '2021-11-16 05:38:54');

INSERT INTO `admin_permissions` VALUES (2, '打印机模块', 'printers', '', '/printers', 1, 0, '2021-09-22 08:32:06', '2021-11-03 05:54:03');
INSERT INTO `admin_permissions` VALUES (3, '解决方案模块', 'solutions', '', '/solutions', 5, 0, '2021-09-22 09:30:34', '2021-11-03 05:56:13');
INSERT INTO `admin_permissions` VALUES (4, '品牌模块', 'brands', '', '/brands', 9, 0, '2021-09-22 09:31:40', '2021-11-03 05:56:13');
INSERT INTO `admin_permissions` VALUES (5, '厂商模块', 'manufactors', '', '/manufactors', 13, 0, '2021-09-22 09:32:14', '2021-11-03 05:56:13');
INSERT INTO `admin_permissions` VALUES (6, '文件模块', 'files', '', '/files', 17, 0, '2021-09-22 09:32:40', '2021-11-03 05:56:13');
INSERT INTO `admin_permissions` VALUES (7, '项目模块', 'projects', '', '/project_tags', 21, 0, '2021-09-22 09:33:20', '2021-11-03 05:56:13');
INSERT INTO `admin_permissions` VALUES (8, '创建打印机', 'create-printers', '', '/printers/create*', 2, 2, '2021-09-22 09:44:50', '2021-11-03 05:56:13');
INSERT INTO `admin_permissions` VALUES (9, '编辑打印机', 'edit-printers', '', '/printers/*/edit', 3, 2, '2021-09-22 09:47:49', '2021-11-03 05:56:13');
INSERT INTO `admin_permissions` VALUES (10, '浏览打印机', 'get-printers', 'GET', '/printers*', 4, 2, '2021-09-23 00:58:47', '2021-11-03 05:56:13');
INSERT INTO `admin_permissions` VALUES (11, '创建解决档案', 'create-solutions', '', '/solutions/create*', 6, 3, '2021-09-23 01:01:04', '2021-11-03 05:56:13');
INSERT INTO `admin_permissions` VALUES (12, '编辑解决方案', 'edit-solutions', '', '/solutions/*/edit', 7, 3, '2021-09-23 01:01:53', '2021-11-03 05:56:13');
INSERT INTO `admin_permissions` VALUES (13, '浏览解决方案', 'get-solutions', 'GET', '/solutions*', 8, 3, '2021-09-23 01:02:46', '2021-11-03 05:56:13');
INSERT INTO `admin_permissions` VALUES (14, '创建品牌', 'create-brands', '', '/brands/create*', 10, 4, '2021-09-23 01:13:51', '2021-11-03 05:56:13');
INSERT INTO `admin_permissions` VALUES (15, '编辑品牌', 'edit-brands', '', '/brands/*/edit', 11, 4, '2021-09-23 01:15:30', '2021-11-03 05:56:13');
INSERT INTO `admin_permissions` VALUES (16, '创建厂商', 'create-manufactors', '', '/manufactors/create*', 14, 5, '2021-09-23 01:16:23', '2021-11-03 05:56:13');
INSERT INTO `admin_permissions` VALUES (17, '编辑厂商', 'edit-manufactors', '', '/manufactors/*/edit', 15, 5, '2021-09-23 01:17:07', '2021-11-03 05:56:13');
INSERT INTO `admin_permissions` VALUES (18, '创建文件', 'create-files', '', '/files/create*', 18, 6, '2021-09-23 01:19:31', '2021-11-03 05:56:13');
INSERT INTO `admin_permissions` VALUES (19, '编辑文件', 'edit-files', '', '/files/*/edit', 19, 6, '2021-09-23 01:20:38', '2021-11-03 05:56:13');
INSERT INTO `admin_permissions` VALUES (20, '浏览文件', 'get-files', 'GET', '/files*', 20, 6, '2021-09-23 01:21:24', '2021-11-03 05:56:13');
INSERT INTO `admin_permissions` VALUES (21, '创建项目', 'create-projects', '', '/project_tags/create*', 22, 7, '2021-09-23 01:26:01', '2021-11-03 05:56:13');
INSERT INTO `admin_permissions` VALUES (22, '编辑项目', 'edit-projects', '', '/project_tags/*/edit', 23, 7, '2021-09-23 02:13:01', '2021-11-03 05:56:13');
INSERT INTO `admin_permissions` VALUES (23, '浏览项目', 'get-projects', 'GET', '/project_tags*', 24, 7, '2021-09-23 02:13:53', '2021-11-03 05:56:13');
INSERT INTO `admin_permissions` VALUES (24, '浏览厂商', 'get-manufactors', 'GET', '/manufactors*', 16, 5, '2021-11-03 03:30:52', '2021-11-03 05:58:16');
INSERT INTO `admin_permissions` VALUES (26, '浏览品牌', 'get-brands', 'GET', '/brands*', 12, 4, '2021-11-03 03:32:49', '2021-11-03 05:56:13');
INSERT INTO `admin_permissions` VALUES (27, '解决方案匹配', 'solution_matches', '', '/solution_matches*', 25, 0, '2021-11-16 05:38:54', '2021-11-16 05:38:54');

INSERT INTO `admin_role_menu` VALUES (1, 2, NULL, NULL);
INSERT INTO `admin_role_menu` VALUES (1, 14, '2021-08-31 08:19:28', '2021-08-31 08:19:28');
INSERT INTO `admin_role_menu` VALUES (2, 8, '2021-09-22 08:33:42', '2021-09-22 08:33:42');
INSERT INTO `admin_role_menu` VALUES (2, 9, '2021-09-22 08:33:42', '2021-09-22 08:33:42');
INSERT INTO `admin_role_menu` VALUES (2, 10, '2021-09-22 08:33:42', '2021-09-22 08:33:42');
INSERT INTO `admin_role_menu` VALUES (2, 11, '2021-09-22 08:33:42', '2021-09-22 08:33:42');
INSERT INTO `admin_role_menu` VALUES (2, 12, '2021-09-22 08:33:42', '2021-09-22 08:33:42');
INSERT INTO `admin_role_menu` VALUES (2, 14, '2021-09-22 08:33:42', '2021-09-22 08:33:42');
INSERT INTO `admin_role_menu` VALUES (3, 8, '2021-09-22 09:36:07', '2021-09-22 09:36:07');
INSERT INTO `admin_role_menu` VALUES (3, 11, '2021-09-22 09:36:07', '2021-09-22 09:36:07');
INSERT INTO `admin_role_menu` VALUES (3, 12, '2021-09-22 09:36:07', '2021-09-22 09:36:07');
INSERT INTO `admin_role_menu` VALUES (3, 14, '2021-09-22 09:36:07', '2021-09-22 09:36:07');
INSERT INTO `admin_role_menu` VALUES (2, 1, '2021-11-03 03:33:25', '2021-11-03 03:33:25');
INSERT INTO `admin_role_menu` VALUES (1, 17, '2021-11-15 05:55:36', '2021-11-15 05:55:36');
INSERT INTO `admin_role_menu` VALUES (2, 17, '2021-11-15 05:55:36', '2021-11-15 05:55:36');
INSERT INTO `admin_role_menu` VALUES (1, 18, '2021-11-15 07:44:24', '2021-11-15 07:44:24');
INSERT INTO `admin_role_menu` VALUES (2, 18, '2021-11-15 07:44:24', '2021-11-15 07:44:24');

INSERT INTO `admin_role_permissions` VALUES (3, 10, '2021-09-23 01:04:04', '2021-09-23 01:04:04');
INSERT INTO `admin_role_permissions` VALUES (3, 13, '2021-09-23 01:04:04', '2021-09-23 01:04:04');
INSERT INTO `admin_role_permissions` VALUES (3, 20, '2021-09-23 02:41:38', '2021-09-23 02:41:38');
INSERT INTO `admin_role_permissions` VALUES (3, 23, '2021-09-23 02:41:38', '2021-09-23 02:41:38');
INSERT INTO `admin_role_permissions` VALUES (2, 8, '2021-09-23 06:10:12', '2021-09-23 06:10:12');
INSERT INTO `admin_role_permissions` VALUES (2, 9, '2021-09-23 06:10:12', '2021-09-23 06:10:12');
INSERT INTO `admin_role_permissions` VALUES (2, 10, '2021-09-23 06:10:12', '2021-09-23 06:10:12');
INSERT INTO `admin_role_permissions` VALUES (2, 11, '2021-09-23 06:10:12', '2021-09-23 06:10:12');
INSERT INTO `admin_role_permissions` VALUES (2, 12, '2021-09-23 06:10:12', '2021-09-23 06:10:12');
INSERT INTO `admin_role_permissions` VALUES (2, 13, '2021-09-23 06:10:12', '2021-09-23 06:10:12');
INSERT INTO `admin_role_permissions` VALUES (2, 16, '2021-09-23 06:10:12', '2021-09-23 06:10:12');
INSERT INTO `admin_role_permissions` VALUES (2, 17, '2021-09-23 06:10:12', '2021-09-23 06:10:12');
INSERT INTO `admin_role_permissions` VALUES (2, 18, '2021-09-23 06:10:12', '2021-09-23 06:10:12');
INSERT INTO `admin_role_permissions` VALUES (2, 19, '2021-09-23 06:10:12', '2021-09-23 06:10:12');
INSERT INTO `admin_role_permissions` VALUES (2, 20, '2021-09-23 06:10:12', '2021-09-23 06:10:12');
INSERT INTO `admin_role_permissions` VALUES (2, 21, '2021-09-23 06:10:12', '2021-09-23 06:10:12');
INSERT INTO `admin_role_permissions` VALUES (2, 22, '2021-09-23 06:10:12', '2021-09-23 06:10:12');
INSERT INTO `admin_role_permissions` VALUES (2, 23, '2021-09-23 06:10:12', '2021-09-23 06:10:12');
INSERT INTO `admin_role_permissions` VALUES (2, 24, '2021-11-03 03:33:25', '2021-11-03 03:33:25');
INSERT INTO `admin_role_permissions` VALUES (2, 26, '2021-11-03 03:33:25', '2021-11-03 03:33:25');
INSERT INTO `admin_role_permissions` VALUES (2, 14, '2021-11-16 05:39:08', '2021-11-16 05:39:08');
INSERT INTO `admin_role_permissions` VALUES (2, 15, '2021-11-16 05:39:08', '2021-11-16 05:39:08');
INSERT INTO `admin_role_permissions` VALUES (2, 27, '2021-11-16 05:39:08', '2021-11-16 05:39:08');

INSERT INTO `admin_role_users` VALUES (1, 1, NULL, NULL);
INSERT INTO `admin_role_users` VALUES (2, 2, '2021-09-22 08:34:31', '2021-09-22 08:34:31');
INSERT INTO `admin_role_users` VALUES (3, 3, '2021-09-23 01:04:52', '2021-09-23 01:04:52');

INSERT INTO `admin_roles` VALUES (1, 'Administrator', 'administrator', '2021-08-06 07:57:11', '2021-08-06 07:57:11');
INSERT INTO `admin_roles` VALUES (2, '操作员', 'operator', '2021-09-22 08:33:42', '2021-09-22 08:33:42');
INSERT INTO `admin_roles` VALUES (3, '游客', 'visitor', '2021-09-22 09:36:07', '2021-09-22 09:36:07');

INSERT INTO `admin_users` VALUES (1, 'admin', '$2y$10$3N1yIQvcWWpS4tio54PmGOg8aOicZmgeWSP3Hqi1RRTUP6nSYtU8G', 'Administrator', NULL, 'oRfJUrMNrK3asDKen0Vg0GH1RcGVPOWjR3xWjmo62F81ha1lzYN1DwQtuQor', '2021-08-06 07:57:11', '2021-08-06 07:57:11');
INSERT INTO `admin_users` VALUES (2, 'test1', '$2y$10$OKmLUmR8ZFKqHG5XvILreeAW79Bg7CPGhoDO61sktMwesRhQ9tvfm', 'Test1', NULL, '67LsHtwLBGPKsgI0lwpyb9aisKqSLxXP8Mg4d6xiPuROFOFIoMil3DtT6sBj', '2021-09-22 08:34:31', '2021-09-22 08:34:31');
INSERT INTO `admin_users` VALUES (3, 'test2', '$2y$10$DDoqHxRQ/YzA.cNbgZbHZ.QaY35q2QpuqGdvQgsnEUbghl9QU9.m2', 'Test2', NULL, NULL, '2021-09-23 01:04:52', '2021-09-23 01:04:52');


